Method,Job,AnalyzeLaunchVariance,EvaluateOverhead,MaxAbsoluteError,MaxRelativeError,MinInvokeCount,MinIterationTime,OutlierMode,Affinity,EnvironmentVariables,Jit,LargeAddressAware,Platform,PowerPlanMode,Runtime,AllowVeryLargeObjects,Concurrent,CpuGroups,Force,HeapAffinitizeMask,HeapCount,NoAffinitize,RetainVm,Server,Arguments,BuildConfiguration,Clock,EngineFactory,NuGetReferences,IsMutator,InvocationCount,IterationCount,IterationTime,LaunchCount,MaxIterationCount,MaxWarmupIterationCount,MemoryRandomization,MinIterationCount,MinWarmupIterationCount,RunStrategy,UnrollFactor,WarmupCount,CountToAdd,InitialSetSize,Mean,Error,StdDev,Median,Ratio,RatioSD,Allocated,Alloc Ratio
HashSet_Add,.NET 10.0,False,Default,Default,Default,Default,Default,Default,1111,Empty,RyuJit,Default,X64,8c5e7fda-e8bf-4a96-9a85-a6e23a8c635c,.NET 10.0,False,True,False,True,Default,Default,False,False,False,Default,Default,Default,Default,Default,Default,1,Default,Default,Default,Default,Default,Default,Default,Default,Default,1,Default,1,0,"1,928.0 ns",42.39 ns,64.73 ns,"1,923.0 ns",1.00,0.05,104 B,1.00
PooledSet_Add,.NET 10.0,False,Default,Default,Default,Default,Default,Default,1111,Empty,RyuJit,Default,X64,8c5e7fda-e8bf-4a96-9a85-a6e23a8c635c,.NET 10.0,False,True,False,True,Default,Default,False,False,False,Default,Default,Default,Default,Default,Default,1,Default,Default,Default,Default,Default,Default,Default,Default,Default,1,Default,1,0,357.1 ns,13.95 ns,40.48 ns,361.0 ns,0.19,0.02,0 B,0.00
HashSet_Add,.NET 8.0,False,Default,Default,Default,Default,Default,Default,1111,Empty,RyuJit,Default,X64,8c5e7fda-e8bf-4a96-9a85-a6e23a8c635c,.NET 8.0,False,True,False,True,Default,Default,False,False,False,Default,Default,Default,Default,Default,Default,1,Default,Default,Default,Default,Default,Default,Default,Default,Default,1,Default,1,0,"1,932.7 ns",42.14 ns,60.43 ns,"1,939.0 ns",1.00,0.04,104 B,1.00
PooledSet_Add,.NET 8.0,False,Default,Default,Default,Default,Default,Default,1111,Empty,RyuJit,Default,X64,8c5e7fda-e8bf-4a96-9a85-a6e23a8c635c,.NET 8.0,False,True,False,True,Default,Default,False,False,False,Default,Default,Default,Default,Default,Default,1,Default,Default,Default,Default,Default,Default,Default,Default,Default,1,Default,1,0,475.7 ns,13.84 ns,34.98 ns,476.0 ns,0.25,0.02,0 B,0.00
HashSet_Add,.NET 10.0,False,Default,Default,Default,Default,Default,Default,1111,Empty,RyuJit,Default,X64,8c5e7fda-e8bf-4a96-9a85-a6e23a8c635c,.NET 10.0,False,True,False,True,Default,Default,False,False,False,Default,Default,Default,Default,Default,Default,1,Default,Default,Default,Default,Default,Default,Default,Default,Default,1,Default,1,8000000,"1,039.1 ns",95.62 ns,275.89 ns,"1,016.0 ns",1.07,0.39,0 B,NA
PooledSet_Add,.NET 10.0,False,Default,Default,Default,Default,Default,Default,1111,Empty,RyuJit,Default,X64,8c5e7fda-e8bf-4a96-9a85-a6e23a8c635c,.NET 10.0,False,True,False,True,Default,Default,False,False,False,Default,Default,Default,Default,Default,Default,1,Default,Default,Default,Default,Default,Default,Default,Default,Default,1,Default,1,8000000,"1,080.2 ns",223.48 ns,655.42 ns,882.0 ns,1.11,0.74,0 B,NA
HashSet_Add,.NET 8.0,False,Default,Default,Default,Default,Default,Default,1111,Empty,RyuJit,Default,X64,8c5e7fda-e8bf-4a96-9a85-a6e23a8c635c,.NET 8.0,False,True,False,True,Default,Default,False,False,False,Default,Default,Default,Default,Default,Default,1,Default,Default,Default,Default,Default,Default,Default,Default,Default,1,Default,1,8000000,"1,320.6 ns",126.49 ns,368.99 ns,"1,342.5 ns",1.09,0.47,0 B,NA
PooledSet_Add,.NET 8.0,False,Default,Default,Default,Default,Default,Default,1111,Empty,RyuJit,Default,X64,8c5e7fda-e8bf-4a96-9a85-a6e23a8c635c,.NET 8.0,False,True,False,True,Default,Default,False,False,False,Default,Default,Default,Default,Default,Default,1,Default,Default,Default,Default,Default,Default,Default,Default,Default,1,Default,1,8000000,884.1 ns,135.40 ns,394.96 ns,896.0 ns,0.73,0.41,0 B,NA
HashSet_Add,.NET 10.0,False,Default,Default,Default,Default,Default,Default,1111,Empty,RyuJit,Default,X64,8c5e7fda-e8bf-4a96-9a85-a6e23a8c635c,.NET 10.0,False,True,False,True,Default,Default,False,False,False,Default,Default,Default,Default,Default,Default,1,Default,Default,Default,Default,Default,Default,Default,Default,Default,1,Default,100,0,"6,184.6 ns",277.03 ns,816.84 ns,"5,975.0 ns",1.02,0.19,5936 B,1.00
PooledSet_Add,.NET 10.0,False,Default,Default,Default,Default,Default,Default,1111,Empty,RyuJit,Default,X64,8c5e7fda-e8bf-4a96-9a85-a6e23a8c635c,.NET 10.0,False,True,False,True,Default,Default,False,False,False,Default,Default,Default,Default,Default,Default,1,Default,Default,Default,Default,Default,Default,Default,Default,Default,1,Default,100,0,"11,386.2 ns",591.79 ns,"1,726.28 ns","10,940.0 ns",1.87,0.38,0 B,0.00
HashSet_Add,.NET 8.0,False,Default,Default,Default,Default,Default,Default,1111,Empty,RyuJit,Default,X64,8c5e7fda-e8bf-4a96-9a85-a6e23a8c635c,.NET 8.0,False,True,False,True,Default,Default,False,False,False,Default,Default,Default,Default,Default,Default,1,Default,Default,Default,Default,Default,Default,Default,Default,Default,1,Default,100,0,"6,216.9 ns",387.17 ns,"1,141.58 ns","6,172.5 ns",1.04,0.28,5936 B,1.00
PooledSet_Add,.NET 8.0,False,Default,Default,Default,Default,Default,Default,1111,Empty,RyuJit,Default,X64,8c5e7fda-e8bf-4a96-9a85-a6e23a8c635c,.NET 8.0,False,True,False,True,Default,Default,False,False,False,Default,Default,Default,Default,Default,Default,1,Default,Default,Default,Default,Default,Default,Default,Default,Default,1,Default,100,0,"11,452.5 ns",458.83 ns,"1,316.48 ns","11,130.0 ns",1.91,0.43,0 B,0.00
HashSet_Add,.NET 10.0,False,Default,Default,Default,Default,Default,Default,1111,Empty,RyuJit,Default,X64,8c5e7fda-e8bf-4a96-9a85-a6e23a8c635c,.NET 10.0,False,True,False,True,Default,Default,False,False,False,Default,Default,Default,Default,Default,Default,1,Default,Default,Default,Default,Default,Default,Default,Default,Default,1,Default,100,8000000,"4,522.9 ns",411.20 ns,"1,192.95 ns","4,618.0 ns",1.10,0.51,0 B,NA
PooledSet_Add,.NET 10.0,False,Default,Default,Default,Default,Default,Default,1111,Empty,RyuJit,Default,X64,8c5e7fda-e8bf-4a96-9a85-a6e23a8c635c,.NET 10.0,False,True,False,True,Default,Default,False,False,False,Default,Default,Default,Default,Default,Default,1,Default,Default,Default,Default,Default,Default,Default,Default,Default,1,Default,100,8000000,"5,095.5 ns",227.22 ns,659.22 ns,"4,823.5 ns",1.24,0.49,0 B,NA
HashSet_Add,.NET 8.0,False,Default,Default,Default,Default,Default,Default,1111,Empty,RyuJit,Default,X64,8c5e7fda-e8bf-4a96-9a85-a6e23a8c635c,.NET 8.0,False,True,False,True,Default,Default,False,False,False,Default,Default,Default,Default,Default,Default,1,Default,Default,Default,Default,Default,Default,Default,Default,Default,1,Default,100,8000000,"4,239.9 ns",410.40 ns,"1,203.62 ns","4,599.0 ns",1.08,0.44,0 B,NA
PooledSet_Add,.NET 8.0,False,Default,Default,Default,Default,Default,Default,1111,Empty,RyuJit,Default,X64,8c5e7fda-e8bf-4a96-9a85-a6e23a8c635c,.NET 8.0,False,True,False,True,Default,Default,False,False,False,Default,Default,Default,Default,Default,Default,1,Default,Default,Default,Default,Default,Default,Default,Default,Default,1,Default,100,8000000,"4,564.3 ns",395.20 ns,"1,095.11 ns","4,648.5 ns",1.17,0.43,0 B,NA
HashSet_Add,.NET 10.0,False,Default,Default,Default,Default,Default,Default,1111,Empty,RyuJit,Default,X64,8c5e7fda-e8bf-4a96-9a85-a6e23a8c635c,.NET 10.0,False,True,False,True,Default,Default,False,False,False,Default,Default,Default,Default,Default,Default,1,Default,Default,Default,Default,Default,Default,Default,Default,Default,1,Default,10000,0,"188,710.8 ns","3,768.04 ns","10,378.29 ns","187,549.5 ns",1.00,0.08,538560 B,1.00
PooledSet_Add,.NET 10.0,False,Default,Default,Default,Default,Default,Default,1111,Empty,RyuJit,Default,X64,8c5e7fda-e8bf-4a96-9a85-a6e23a8c635c,.NET 10.0,False,True,False,True,Default,Default,False,False,False,Default,Default,Default,Default,Default,Default,1,Default,Default,Default,Default,Default,Default,Default,Default,Default,1,Default,10000,0,"565,276.2 ns","11,182.60 ns","12,429.43 ns","568,104.0 ns",3.00,0.17,0 B,0.00
HashSet_Add,.NET 8.0,False,Default,Default,Default,Default,Default,Default,1111,Empty,RyuJit,Default,X64,8c5e7fda-e8bf-4a96-9a85-a6e23a8c635c,.NET 8.0,False,True,False,True,Default,Default,False,False,False,Default,Default,Default,Default,Default,Default,1,Default,Default,Default,Default,Default,Default,Default,Default,Default,1,Default,10000,0,"226,942.9 ns","4,286.56 ns","8,051.19 ns","226,397.0 ns",1.00,0.05,538560 B,1.00
PooledSet_Add,.NET 8.0,False,Default,Default,Default,Default,Default,Default,1111,Empty,RyuJit,Default,X64,8c5e7fda-e8bf-4a96-9a85-a6e23a8c635c,.NET 8.0,False,True,False,True,Default,Default,False,False,False,Default,Default,Default,Default,Default,Default,1,Default,Default,Default,Default,Default,Default,Default,Default,Default,1,Default,10000,0,"560,696.4 ns","11,007.52 ns","16,809.65 ns","563,804.0 ns",2.47,0.11,0 B,0.00
HashSet_Add,.NET 10.0,False,Default,Default,Default,Default,Default,Default,1111,Empty,RyuJit,Default,X64,8c5e7fda-e8bf-4a96-9a85-a6e23a8c635c,.NET 10.0,False,True,False,True,Default,Default,False,False,False,Default,Default,Default,Default,Default,Default,1,Default,Default,Default,Default,Default,Default,Default,Default,Default,1,Default,10000,8000000,"211,464.0 ns","26,450.05 ns","77,573.42 ns","173,277.0 ns",1.13,0.56,0 B,NA
PooledSet_Add,.NET 10.0,False,Default,Default,Default,Default,Default,Default,1111,Empty,RyuJit,Default,X64,8c5e7fda-e8bf-4a96-9a85-a6e23a8c635c,.NET 10.0,False,True,False,True,Default,Default,False,False,False,Default,Default,Default,Default,Default,Default,1,Default,Default,Default,Default,Default,Default,Default,Default,Default,1,Default,10000,8000000,"412,271.3 ns","48,994.76 ns","144,462.16 ns","423,154.0 ns",2.20,1.06,0 B,NA
HashSet_Add,.NET 8.0,False,Default,Default,Default,Default,Default,Default,1111,Empty,RyuJit,Default,X64,8c5e7fda-e8bf-4a96-9a85-a6e23a8c635c,.NET 8.0,False,True,False,True,Default,Default,False,False,False,Default,Default,Default,Default,Default,Default,1,Default,Default,Default,Default,Default,Default,Default,Default,Default,1,Default,10000,8000000,"265,606.7 ns","35,973.37 ns","106,068.30 ns","213,302.0 ns",1.13,0.58,0 B,NA
PooledSet_Add,.NET 8.0,False,Default,Default,Default,Default,Default,Default,1111,Empty,RyuJit,Default,X64,8c5e7fda-e8bf-4a96-9a85-a6e23a8c635c,.NET 8.0,False,True,False,True,Default,Default,False,False,False,Default,Default,Default,Default,Default,Default,1,Default,Default,Default,Default,Default,Default,Default,Default,Default,1,Default,10000,8000000,"218,058.8 ns","5,363.23 ns","15,301.60 ns","219,313.5 ns",0.93,0.29,0 B,NA
HashSet_Add,.NET 10.0,False,Default,Default,Default,Default,Default,Default,1111,Empty,RyuJit,Default,X64,8c5e7fda-e8bf-4a96-9a85-a6e23a8c635c,.NET 10.0,False,True,False,True,Default,Default,False,False,False,Default,Default,Default,Default,Default,Default,1,Default,Default,Default,Default,Default,Default,Default,Default,Default,1,Default,100000,0,"3,024,431.1 ns","44,784.01 ns","39,699.86 ns","3,022,023.5 ns",1.00,0.02,2327216 B,1.00
PooledSet_Add,.NET 10.0,False,Default,Default,Default,Default,Default,Default,1111,Empty,RyuJit,Default,X64,8c5e7fda-e8bf-4a96-9a85-a6e23a8c635c,.NET 10.0,False,True,False,True,Default,Default,False,False,False,Default,Default,Default,Default,Default,Default,1,Default,Default,Default,Default,Default,Default,Default,Default,Default,1,Default,100000,0,"2,418,095.3 ns","133,916.45 ns","362,050.93 ns","2,241,289.5 ns",0.80,0.12,0 B,0.00
HashSet_Add,.NET 8.0,False,Default,Default,Default,Default,Default,Default,1111,Empty,RyuJit,Default,X64,8c5e7fda-e8bf-4a96-9a85-a6e23a8c635c,.NET 8.0,False,True,False,True,Default,Default,False,False,False,Default,Default,Default,Default,Default,Default,1,Default,Default,Default,Default,Default,Default,Default,Default,Default,1,Default,100000,0,"3,339,889.6 ns","26,617.16 ns","24,897.71 ns","3,341,125.0 ns",1.00,0.01,2327216 B,1.00
PooledSet_Add,.NET 8.0,False,Default,Default,Default,Default,Default,Default,1111,Empty,RyuJit,Default,X64,8c5e7fda-e8bf-4a96-9a85-a6e23a8c635c,.NET 8.0,False,True,False,True,Default,Default,False,False,False,Default,Default,Default,Default,Default,Default,1,Default,Default,Default,Default,Default,Default,Default,Default,Default,1,Default,100000,0,"5,374,244.6 ns","24,524.42 ns","22,940.15 ns","5,379,668.0 ns",1.61,0.01,0 B,0.00
HashSet_Add,.NET 10.0,False,Default,Default,Default,Default,Default,Default,1111,Empty,RyuJit,Default,X64,8c5e7fda-e8bf-4a96-9a85-a6e23a8c635c,.NET 10.0,False,True,False,True,Default,Default,False,False,False,Default,Default,Default,Default,Default,Default,1,Default,Default,Default,Default,Default,Default,Default,Default,Default,1,Default,100000,8000000,"1,133,879.0 ns","22,607.82 ns","27,764.44 ns","1,121,937.0 ns",1.00,0.03,0 B,NA
PooledSet_Add,.NET 10.0,False,Default,Default,Default,Default,Default,Default,1111,Empty,RyuJit,Default,X64,8c5e7fda-e8bf-4a96-9a85-a6e23a8c635c,.NET 10.0,False,True,False,True,Default,Default,False,False,False,Default,Default,Default,Default,Default,Default,1,Default,Default,Default,Default,Default,Default,Default,Default,Default,1,Default,100000,8000000,"1,862,702.6 ns","17,573.77 ns","16,438.52 ns","1,867,163.0 ns",1.64,0.04,0 B,NA
HashSet_Add,.NET 8.0,False,Default,Default,Default,Default,Default,Default,1111,Empty,RyuJit,Default,X64,8c5e7fda-e8bf-4a96-9a85-a6e23a8c635c,.NET 8.0,False,True,False,True,Default,Default,False,False,False,Default,Default,Default,Default,Default,Default,1,Default,Default,Default,Default,Default,Default,Default,Default,Default,1,Default,100000,8000000,"1,524,146.4 ns","28,190.54 ns","27,686.88 ns","1,532,813.5 ns",1.00,0.02,0 B,NA
PooledSet_Add,.NET 8.0,False,Default,Default,Default,Default,Default,Default,1111,Empty,RyuJit,Default,X64,8c5e7fda-e8bf-4a96-9a85-a6e23a8c635c,.NET 8.0,False,True,False,True,Default,Default,False,False,False,Default,Default,Default,Default,Default,Default,1,Default,Default,Default,Default,Default,Default,Default,Default,Default,1,Default,100000,8000000,"1,950,419.8 ns","36,324.29 ns","82,728.81 ns","1,921,751.0 ns",1.28,0.06,0 B,NA
